,Recall@1,Recall@5,Recall@10
Bert-base,0.8895883777239709,0.9340193704600485,0.9466101694915254
EFCAMDAT,0.921953188054883,0.9528046811945117,0.9615213882163035
